urlPagFacebook,verifyFacebook,likes,followers,urlImage,classImage,fecha
https://www.facebook.com/SantanderSmart,4,81 031,81 300,https://scontent.fmex27-1.fna.fbcdn.net/v/t39.30808-1/205339166_4194954003899457_7908405248364090175_n.jpg?stp=dst-jpg_p200x200&_nc_cat=106&ccb=1-7&_nc_sid=1eb0c7&_nc_ohc=OuLLkuiEZjIAX-6bATc&_nc_ht=scontent.fmex27-1.fna&oh=00_AT-aqFVfUIFdwBmjLLOhFYfLc8JpEgLLPp1gn-i_vXn8Qg&oe=62B1B6A0,santander,16/06/2022 23:41:32
https://www.facebook.com/ConjuntoSantander,4,87 822,92 328,https://scontent.fmex27-1.fna.fbcdn.net/v/t39.30808-1/285540416_4871750712933858_5942001552603618461_n.jpg?stp=dst-jpg_p200x200&_nc_cat=103&ccb=1-7&_nc_sid=1eb0c7&_nc_ohc=Bix6alLi2GQAX_Tj3TE&_nc_ht=scontent.fmex27-1.fna&oh=00_AT9wLPnQIFZ1tX17MK42hWxIxm0bovBPmW8iH8r5JrmRvg&oe=62B164B3,otro,16/06/2022 23:41:39
https://www.facebook.com/Iglesia-Adventista-de-Santander-Espa%C3%B1a-165669456785011,0,3117,3215,https://scontent.fmex27-1.fna.fbcdn.net/v/t1.18169-1/13627016_1202686493083297_1328847510550621022_n.jpg?stp=dst-jpg_p200x200&_nc_cat=102&ccb=1-7&_nc_sid=1eb0c7&_nc_ohc=kbWwa-QSdGUAX_4Mqyv&_nc_ht=scontent.fmex27-1.fna&oh=00_AT_c3LJb10yy1dFCWaeOf0OER-M1fpeaqLQAedjXV3io9g&oe=62D02904,otro,16/06/2022 23:41:47
https://www.facebook.com/amarras.santander,0,3963,4031,https://scontent.fmex27-1.fna.fbcdn.net/v/t1.18169-1/21617875_1678832415521372_7789651832858291601_n.png?stp=dst-png_p200x200&_nc_cat=107&ccb=1-7&_nc_sid=1eb0c7&_nc_ohc=za88q1I0T-IAX-hdv4l&_nc_ht=scontent.fmex27-1.fna&oh=00_AT9SSbtugtIw-h56r84ChGg39XNkdU0VnGk9lvFKV32O4A&oe=62D3608E,otro,16/06/2022 23:41:55
https://www.facebook.com/santanderglobal,6,4271,4656,https://scontent.fmex27-1.fna.fbcdn.net/v/t39.30808-1/247681626_667850067953172_4722883978390585880_n.png?stp=dst-png_p200x200&_nc_cat=110&ccb=1-7&_nc_sid=1eb0c7&_nc_ohc=FZEsDK4rSW4AX_giOlw&_nc_ht=scontent.fmex27-1.fna&oh=00_AT88eFAtjOi1BUFEgkmMvQkiVCdOAu_scyrz8D8lBVgktg&oe=62B1181B,santander,16/06/2022 23:42:03
https://www.facebook.com/moidesantander,0,4248,4329,https://scontent.fmex27-1.fna.fbcdn.net/v/t1.6435-1/75297818_2460828160858605_5226545169926455296_n.jpg?stp=dst-jpg_p200x200&_nc_cat=108&ccb=1-7&_nc_sid=1eb0c7&_nc_ohc=ofyKJFuo5A4AX_8JNna&_nc_oc=AQm7sssA_lSFV28Pcxz3LTDu4TtbnW-aApo7bgLEEtJc4BEhayzVS9-irminJfID2Qg&_nc_ht=scontent.fmex27-1.fna&oh=00_AT9chUR1nxIz55oXZQC5O10EGOYu5g_nrA9F_-eS_ZOvkA&oe=62D30053,otro,16/06/2022 23:42:10
https://www.facebook.com/medicasantander,0,0,0,https://scontent.fmex27-1.fna.fbcdn.net/v/t39.30808-1/277771036_481207473476285_8268579645483831702_n.jpg?stp=dst-jpg_p320x320&_nc_cat=111&ccb=1-7&_nc_sid=c6021c&_nc_ohc=uYzdqtfg2dcAX9qdznF&_nc_ht=scontent.fmex27-1.fna&oh=00_AT_m9izxGJq_U7nSozDTWwvF0K93d-hATpT69DGaiedfqw&oe=62B15FC9,otro,16/06/2022 23:42:19
https://www.facebook.com/Historias-y-relatos-gay-colombia-santander-2319446214945116,0,19 416,24 846,https://scontent.fmex27-1.fna.fbcdn.net/v/t1.6435-1/41907807_2319446544945083_5126770541314703360_n.jpg?stp=dst-jpg_p200x200&_nc_cat=109&ccb=1-7&_nc_sid=1eb0c7&_nc_ohc=6UY54FST9o0AX9gyhqk&_nc_ht=scontent.fmex27-1.fna&oh=00_AT-W8zVUtV8HeMuZvjW_roXuLpwOLxzKUZM7dkLCzwW-bg&oe=62D068F1,otro,16/06/2022 23:42:26
https://www.facebook.com/ColegioAtalayaSantander,0,998,1103,https://scontent.fmex27-1.fna.fbcdn.net/v/t1.6435-1/53469063_1598820386888173_9122253856573489152_n.jpg?stp=dst-jpg_p200x200&_nc_cat=105&ccb=1-7&_nc_sid=1eb0c7&_nc_ohc=G3MPs_Va57oAX93S_Il&_nc_ht=scontent.fmex27-1.fna&oh=00_AT_gdfDsjopNkMeJvEtBGSCoHUe_p0N7cT4I0Xo1x5Tiig&oe=62D1A218,otro,16/06/2022 23:42:34
https://www.facebook.com/santanderuniversidades,0,64 845,68 600,https://scontent.fmex27-1.fna.fbcdn.net/v/t39.30808-1/261817140_2042155135953169_6115630952520973629_n.png?stp=dst-png_p200x200&_nc_cat=1&ccb=1-7&_nc_sid=1eb0c7&_nc_ohc=CGjg-2fQxuAAX83mfRM&_nc_ht=scontent.fmex27-1.fna&oh=00_AT9xBx1jJF3ttN0UxycxT2FBbn1Waw-ZsN_ml74dgCBiqQ&oe=62B0B465,santander,16/06/2022 23:42:40
https://www.facebook.com/nunumodasantander,0,154 198,161 884,https://scontent.fmex27-1.fna.fbcdn.net/v/t1.6435-1/126799558_3507828062666231_7833033893761654382_n.jpg?stp=dst-jpg_p200x200&_nc_cat=111&ccb=1-7&_nc_sid=1eb0c7&_nc_ohc=3EOrBzAeaXYAX-79j9C&_nc_ht=scontent.fmex27-1.fna&oh=00_AT_Q8-cfKdG5JgwIBl2eXifk_jUptgUspRX7d1QooWvNjA&oe=62D1F3B1,otro,16/06/2022 23:42:49
https://www.facebook.com/rereadsantander,0,878,920,https://scontent.fmex27-1.fna.fbcdn.net/v/t1.6435-1/99425361_104891824580533_917804004002496512_n.jpg?stp=dst-jpg_p200x200&_nc_cat=102&ccb=1-7&_nc_sid=1eb0c7&_nc_ohc=arQDa4bcrsIAX9p6PSS&_nc_ht=scontent.fmex27-1.fna&oh=00_AT8YtV7ZjgRLEM3FA3DzQ_WTYHpDOvYthGRFaJ0F1ef-KQ&oe=62CFD67F,otro,16/06/2022 23:42:56
https://www.facebook.com/chiringuitoelpuntal.tricio,0,0,0,https://scontent.fmex27-1.fna.fbcdn.net/v/t39.30808-1/275063912_481668836801555_5222650557939177524_n.jpg?stp=c0.0.320.320a_dst-jpg_p320x320&_nc_cat=100&ccb=1-7&_nc_sid=c6021c&_nc_ohc=7Fl_2Pp6diAAX9IE4JU&_nc_ht=scontent.fmex27-1.fna&oh=00_AT-FBeozPrRcdzIw79x1y4gx3TluzOvB49orEXmJyrB6xA&oe=62B00249,otro,16/06/2022 23:43:04
https://www.facebook.com/ConozcamosNortedeSantander,0,117 078,188 481,https://scontent.fmex27-1.fna.fbcdn.net/v/t1.6435-1/195377041_1503330386503862_4722205915822162350_n.jpg?stp=dst-jpg_p200x200&_nc_cat=1&ccb=1-7&_nc_sid=1eb0c7&_nc_ohc=1_hIIbyo56AAX-BQuOZ&_nc_ht=scontent.fmex27-1.fna&oh=00_AT9BE8WZdPV1jCpvtzyiuAs4NY_thU4EEWo46ZUxy2uhhA&oe=62D13529,otro,16/06/2022 23:43:13
https://www.facebook.com/ecoturismo.bahiadesantander,0,4559,4760,https://scontent.fmex27-1.fna.fbcdn.net/v/t1.18169-1/30729427_1637595076336272_1122170942266934307_n.png?stp=dst-png_p200x200&_nc_cat=108&ccb=1-7&_nc_sid=1eb0c7&_nc_ohc=lm6DbEHj-JwAX_2-QjY&_nc_ht=scontent.fmex27-1.fna&oh=00_AT-JwQFQ3RSlliK0Y6iE-tUc1fwF5txY_pFlEzrqvejGtA&oe=62CFEE35,otro,16/06/2022 23:43:20
https://www.facebook.com/asproansantander,0,36 560,161 803,https://scontent.fmex27-1.fna.fbcdn.net/v/t1.6435-1/65393205_2258151874437640_5255498785714339840_n.jpg?stp=dst-jpg_p200x200&_nc_cat=104&ccb=1-7&_nc_sid=1eb0c7&_nc_ohc=mjv_f8g2mpUAX8-wht8&_nc_ht=scontent.fmex27-1.fna&oh=00_AT-cLHtgVNFVxSfLx2zc4YMiEZZlRKWSErF0eJvSCfwWkQ&oe=62D093D8,otro,16/06/2022 23:43:28
https://www.facebook.com/santandermusicfestival,0,33 076,33 429,https://scontent.fmex27-1.fna.fbcdn.net/v/t39.30808-1/260988810_4686372111385557_1189731961834667685_n.png?stp=dst-png_p200x200&_nc_cat=110&ccb=1-7&_nc_sid=1eb0c7&_nc_ohc=ccj2RgLOFtwAX_z9Sxs&_nc_ht=scontent.fmex27-1.fna&oh=00_AT98rLVCGMFt4lLwE7BKJNiqmXAW5Ax2x5rM6et94Ookyw&oe=62B1BDEF,otro,16/06/2022 23:43:35
https://www.facebook.com/nauticauc,0,544,590,https://scontent.fmex27-1.fna.fbcdn.net/v/t1.18169-1/26219690_572395266440421_348420492711567831_n.png?stp=dst-png_p200x200&_nc_cat=105&ccb=1-7&_nc_sid=1eb0c7&_nc_ohc=DYC8fZQT7rwAX_2Uswa&_nc_ht=scontent.fmex27-1.fna&oh=00_AT8dYuts4UtjOswi3uNvkx_4IEy2Z02D5Wqj70ycFNG7nw&oe=62D1E2FE,otro,16/06/2022 23:43:52
https://www.facebook.com/restaurantemarucho.es?__tn__=%3C,0,0,0,https://scontent.fmex27-1.fna.fbcdn.net/v/t39.30808-1/260328140_400632464858353_2512125943654134832_n.jpg?stp=dst-jpg_p320x320&_nc_cat=106&ccb=1-7&_nc_sid=c6021c&_nc_ohc=4jWAwl3GzIsAX8H6tX7&_nc_ht=scontent.fmex27-1.fna&oh=00_AT_ar3KuQo3KMjFGJMGHRQGC_6DXtGK2aWO7W7aSBdUX_g&oe=62B0CCA5,otro,16/06/2022 23:44:02
https://www.facebook.com/virgendelmarsantander,0,1593,1646,https://scontent.fmex27-1.fna.fbcdn.net/v/t1.18169-1/15391102_1491650664182744_400738839319486751_n.jpg?stp=c0.0.200.200a_dst-jpg_p200x200&_nc_cat=103&ccb=1-7&_nc_sid=1eb0c7&_nc_ohc=pUxZJJoJW1kAX8_z9fb&_nc_ht=scontent.fmex27-1.fna&oh=00_AT-3b4amS9BbQlmjedbM3Hvqi4vZ_d-pZoH-e3Sxl-7Mpw&oe=62D24971,otro,16/06/2022 23:44:09
https://www.facebook.com/profile.php?id=100063257917540&__tn__=%3C,0,0,0,https://scontent.fmex27-1.fna.fbcdn.net/v/t39.30808-1/277769933_328067409311854_4213767722083640097_n.png?stp=dst-png_p320x320&_nc_cat=107&ccb=1-7&_nc_sid=c6021c&_nc_ohc=XufPrmamg7cAX9Oi-41&_nc_ht=scontent.fmex27-1.fna&oh=00_AT-rmU4eFgDLGG5Ns-kVs80MUYPy8yOoWWpU9nI8YZhr9A&oe=62B0B5CB,otro,16/06/2022 23:44:18
https://www.facebook.com/Santander.Ar,4,639 765,644 421,https://scontent.fmex27-1.fna.fbcdn.net/v/t39.30808-1/251270220_4420142691357011_1017757655535809796_n.jpg?stp=dst-jpg_p200x200&_nc_cat=1&ccb=1-7&_nc_sid=1eb0c7&_nc_ohc=uHxejKoT4v8AX9gVEOK&_nc_ht=scontent.fmex27-1.fna&oh=00_AT_KT1j2x8XeAXQyIuoOBis7L-pWfgDqpYvV9ZZNBrCLAQ&oe=62B14AB2,santander,16/06/2022 23:44:25
https://www.facebook.com/santanderuk,8,387 724,380 298,https://scontent.fmex27-1.fna.fbcdn.net/v/t39.30808-1/282275543_5463003917123501_6411835437156958491_n.jpg?stp=dst-jpg_p200x200&_nc_cat=104&ccb=1-7&_nc_sid=1eb0c7&_nc_ohc=MCc8ekM5mnYAX-RYgs5&_nc_ht=scontent.fmex27-1.fna&oh=00_AT-oFSkj8Y2b5j6Rf2_-Lt_VF63idRGgtGNnjvCF0bSOgg&oe=62B103BD,otro,16/06/2022 23:44:31
https://www.facebook.com/cantbasket,0,0,0,https://scontent.fmex27-1.fna.fbcdn.net/v/t39.30808-1/221626837_459630655426790_7137639608221478861_n.png?stp=dst-png_p320x320&_nc_cat=109&ccb=1-7&_nc_sid=c6021c&_nc_ohc=idTyrPCinJAAX8BqSGQ&_nc_ht=scontent.fmex27-1.fna&oh=00_AT-Aj4FVbONvSMvmA-nUm9IDDoCHjgx86FYtN_XFykHoPA&oe=62B02B9C,otro,16/06/2022 23:44:39
https://www.facebook.com/Dr-Santander-824124441082866,0,251,255,https://scontent.fmex27-1.fna.fbcdn.net/v/t39.30808-1/284677584_2037780843050547_4053798533640982548_n.jpg?stp=dst-jpg_p200x200&_nc_cat=103&ccb=1-7&_nc_sid=1eb0c7&_nc_ohc=2VetxXbGefcAX_4ZvHd&_nc_ht=scontent.fmex27-1.fna&oh=00_AT8Cci60WgrW-wNFEZP9v3QvP54xhgZBaBWPttmTXPHdKA&oe=62B02543,otro,16/06/2022 23:44:47
https://www.facebook.com/profile.php?id=100063257917540,0,0,0,https://scontent.fmex27-1.fna.fbcdn.net/v/t39.30808-1/277769933_328067409311854_4213767722083640097_n.png?stp=dst-png_p320x320&_nc_cat=107&ccb=1-7&_nc_sid=c6021c&_nc_ohc=XufPrmamg7cAX9Oi-41&_nc_ht=scontent.fmex27-1.fna&oh=00_AT-rmU4eFgDLGG5Ns-kVs80MUYPy8yOoWWpU9nI8YZhr9A&oe=62B0B5CB,otro,16/06/2022 23:44:54
https://www.facebook.com/SABORPERUANOSANTANDER,0,2107,2141,https://scontent.fmex27-1.fna.fbcdn.net/v/t31.18172-1/12239200_891757357575357_4487715212522851867_o.jpg?stp=dst-jpg_p200x200&_nc_cat=111&ccb=1-7&_nc_sid=1eb0c7&_nc_ohc=BsSyBv8kSBwAX8DdS1p&_nc_ht=scontent.fmex27-1.fna&oh=00_AT9BGzPzqe4r_lmBL7KqOmplCaKfrtH8b4KwvbhhUTA6Fw&oe=62D2EFF7,otro,16/06/2022 23:45:03
https://www.nu.com.mx/?utm_source=fb&utm_placement=Others&utm_campaign=LF_CC_Conversion_AON_IP_Gamers&utm_term=INTEREST_GAMERS%20-%20Releases&utm_content=3min_H1_22_LF_int_gamers&utm_medium=cpa&ad_set_id=23850402062830557&ad_id=23850402062680557&campaign_id=23850402062300557&fbclid=IwAR2jsngJTahuoKzoJXK3OE-Xd9ljmMmWnmpXXmzhpSgo7we0zp61ZF_OPQQ,0,2107,2141,https://scontent.fmex27-1.fna.fbcdn.net/v/t31.18172-1/12239200_891757357575357_4487715212522851867_o.jpg?stp=dst-jpg_p200x200&_nc_cat=111&ccb=1-7&_nc_sid=1eb0c7&_nc_ohc=BsSyBv8kSBwAX8DdS1p&_nc_ht=scontent.fmex27-1.fna&oh=00_AT9BGzPzqe4r_lmBL7KqOmplCaKfrtH8b4KwvbhhUTA6Fw&oe=62D2EFF7,otro,16/06/2022 23:45:10
https://www.facebook.com/beupsantander,0,6384,6701,https://scontent.fmex27-1.fna.fbcdn.net/v/t1.18169-1/15977095_1793765777538474_1794526475392815275_n.png?stp=dst-png_p200x200&_nc_cat=100&ccb=1-7&_nc_sid=1eb0c7&_nc_ohc=vMN1PQuAi4IAX9c9LkY&_nc_ht=scontent.fmex27-1.fna&oh=00_AT8xAe3PvSD_f4F1JIUhMVwTmDf3hHpbYiRAuMd2AWZuUg&oe=62D165F5,otro,16/06/2022 23:45:17
https://www.facebook.com/profile.php?id=100057440440121&__tn__=%3C,1,0,0,https://scontent.fmex27-1.fna.fbcdn.net/v/t39.30808-1/268610899_380713537186658_3450917064054956929_n.jpg?stp=dst-jpg_p320x320&_nc_cat=1&ccb=1-7&_nc_sid=c6021c&_nc_ohc=8j3tBdxb8SUAX8f-HPr&_nc_ht=scontent.fmex27-1.fna&oh=00_AT8xzTnUndPzHoXZClB6hPAwHBUTvDrAMY413V8M1rcm1g&oe=62B07EE1,otro,16/06/2022 23:45:24
https://www.facebook.com/PlazaCiudadJardin,0,127 722,129 075,https://scontent.fmex27-1.fna.fbcdn.net/v/t1.18169-1/483572_414711918599280_1981605540_n.png?stp=c16.0.200.200a_dst-png_p200x200&_nc_cat=110&ccb=1-7&_nc_sid=1eb0c7&_nc_ohc=C5pWOLbt6rYAX_NipVM&_nc_ht=scontent.fmex27-1.fna&oh=00_AT9Z4TK8Yuj8dl1guA4N-aTAIaDnM6A_MX5Whverpj1yvg&oe=62D36174,otro,16/06/2022 23:45:32
https://www.facebook.com/SantanderMex,5,2 341 505,2 365 390,https://scontent.fmex27-1.fna.fbcdn.net/v/t39.30808-1/286595634_5759251834106056_3673524862926864863_n.jpg?stp=dst-jpg_p200x200&_nc_cat=1&ccb=1-7&_nc_sid=1eb0c7&_nc_ohc=xUU30LLcGUAAX-X5Af7&_nc_ht=scontent.fmex27-1.fna&oh=00_AT_7xOGey3CjX7a-7cDZtav4fQDRwEBGoE0WcfIFU2cpbA&oe=62B0D8A4,santander,16/06/2022 23:45:39
https://www.facebook.com/medicasantander?__tn__=%3C,0,0,0,https://scontent.fmex27-1.fna.fbcdn.net/v/t39.30808-1/277771036_481207473476285_8268579645483831702_n.jpg?stp=dst-jpg_p320x320&_nc_cat=111&ccb=1-7&_nc_sid=c6021c&_nc_ohc=uYzdqtfg2dcAX9qdznF&_nc_ht=scontent.fmex27-1.fna&oh=00_AT_m9izxGJq_U7nSozDTWwvF0K93d-hATpT69DGaiedfqw&oe=62B15FC9,otro,16/06/2022 23:45:46
https://www.facebook.com/Prontopizza-Santander-478813072486059,0,620,627,https://scontent.fmex27-1.fna.fbcdn.net/v/t39.30808-1/243540570_1503170846716938_391053188482873542_n.jpg?stp=dst-jpg_p200x200&_nc_cat=101&ccb=1-7&_nc_sid=1eb0c7&_nc_ohc=q-5BhUkyecEAX9bGMKO&_nc_ht=scontent.fmex27-1.fna&oh=00_AT-dOG_6wEh9qFBRYTBnAqQWOkNmu9lGu4Seh5kXPrTN5w&oe=62B0BE67,otro,16/06/2022 23:45:53
https://www.facebook.com/TourSantander,0,419,474,https://scontent.fmex27-1.fna.fbcdn.net/v/t39.30808-1/275772767_909837933045345_1549775364587645148_n.jpg?stp=dst-jpg_p200x200&_nc_cat=105&ccb=1-7&_nc_sid=1eb0c7&_nc_ohc=O-1U9ZCaI3EAX-EUaEt&_nc_oc=AQnhZL4dJQKKfNKf6WaCnqTtnCXn0ITboTAk5posFDi8vRK1Clmr-HBirfid8QIc0do&_nc_ht=scontent.fmex27-1.fna&oh=00_AT_ioIX8cYsCtCzF2q0Z2Saq0D4DvjNUfGmgIMwXQ3UJsw&oe=62B0B0E5,otro,16/06/2022 23:46:01
https://www.facebook.com/cantabriauso,0,0,0,https://scontent.fmex27-1.fna.fbcdn.net/v/t39.30808-1/275016828_261463476159161_3181105464427923524_n.jpg?stp=c96.0.320.320a_dst-jpg_p320x320&_nc_cat=105&ccb=1-7&_nc_sid=c6021c&_nc_ohc=jHZo5q1UqV8AX8jozQ3&_nc_ht=scontent.fmex27-1.fna&oh=00_AT-d6rPlozB4IY95WFtxJafhIN7jZNWgiJu4C1rBhKDYLA&oe=62B18996,otro,16/06/2022 23:46:11
https://www.facebook.com/sologrog,0,2854,2903,https://scontent.fmex27-1.fna.fbcdn.net/v/t1.6435-1/103969136_4201921519825936_3449527757412735975_n.jpg?stp=dst-jpg_p200x200&_nc_cat=111&ccb=1-7&_nc_sid=1eb0c7&_nc_ohc=BpTKzGGIkM8AX91yrOs&_nc_ht=scontent.fmex27-1.fna&oh=00_AT820g28ftRJFpx_eNkdTHekaCSOzwHt6AArMbAB76ty4g&oe=62D1E314,otro,16/06/2022 23:46:20
https://www.facebook.com/cafeteriapicosdeeuropa?__tn__=%3C,0,0,0,https://scontent.fmex27-1.fna.fbcdn.net/v/t39.30808-1/277789159_461717795743527_1257519354894719776_n.jpg?_nc_cat=111&ccb=1-7&_nc_sid=c6021c&_nc_ohc=K9veGBd_oQcAX9qWQuH&_nc_ht=scontent.fmex27-1.fna&oh=00_AT9eaWpY8ojJjEMMGVi1Shtn6SWKwejEV4AhDUtxq91yJg&oe=62B19E80,otro,16/06/2022 23:46:27
https://www.facebook.com/santander.original,0,32 374,32 824,https://scontent.fmex27-1.fna.fbcdn.net/v/t39.30808-1/241668564_10158849969547832_8183066499683165359_n.jpg?stp=dst-jpg_p200x200&_nc_cat=110&ccb=1-7&_nc_sid=1eb0c7&_nc_ohc=zaoi-CHS8NAAX95bdr3&_nc_ht=scontent.fmex27-1.fna&oh=00_AT-UhwkCj7ydDHkblhp21lo1YGF37Dt8jhDPz3-mwhdggw&oe=62B10742,otro,16/06/2022 23:46:34
https://www.facebook.com/santandermundial,0,8553,8664,https://scontent.fmex27-1.fna.fbcdn.net/v/t1.6435-1/37052658_858007617727964_561221156070227968_n.jpg?stp=dst-jpg_p200x200&_nc_cat=107&ccb=1-7&_nc_sid=1eb0c7&_nc_ohc=r57ko_eBe_0AX-8h26b&_nc_ht=scontent.fmex27-1.fna&oh=00_AT9Hw82ze8fpQg9HFNG0nqdiCqx-wuyanVxjMKF-D3lskQ&oe=62D0D9B6,otro,16/06/2022 23:46:43
https://www.facebook.com/defloresyflorerossantander,0,12 475,12 825,https://scontent.fmex27-1.fna.fbcdn.net/v/t31.18172-1/14107887_1089515384463699_3323766956205802539_o.jpg?stp=c33.0.200.200a_dst-jpg_p200x200&_nc_cat=107&ccb=1-7&_nc_sid=1eb0c7&_nc_ohc=R6AGvH3CkEwAX-MnEMv&_nc_ht=scontent.fmex27-1.fna&oh=00_AT-bPFCa6ZbXRo3__anXcVOHcKBKFLrij-c9ZSIZ2ZHthw&oe=62CFEFA3,otro,16/06/2022 23:46:51
https://www.facebook.com/cafeteriapicosdeeuropa,0,0,0,https://scontent.fmex27-1.fna.fbcdn.net/v/t39.30808-1/277789159_461717795743527_1257519354894719776_n.jpg?_nc_cat=111&ccb=1-7&_nc_sid=c6021c&_nc_ohc=K9veGBd_oQcAX9qWQuH&_nc_ht=scontent.fmex27-1.fna&oh=00_AT9eaWpY8ojJjEMMGVi1Shtn6SWKwejEV4AhDUtxq91yJg&oe=62B19E80,otro,16/06/2022 23:46:58
https://www.facebook.com/escuelasabaticaIAS,0,1083,1110,https://scontent.fmex27-1.fna.fbcdn.net/v/t31.18172-1/12034431_1621653561429644_1005893631413528431_o.jpg?stp=c67.0.200.200a_dst-jpg_p200x200&_nc_cat=111&ccb=1-7&_nc_sid=1eb0c7&_nc_ohc=_xSsnSKKDMIAX-_hz9m&_nc_ht=scontent.fmex27-1.fna&oh=00_AT8Ah7GNgh2Daf7IfjrZfoOKRVOBwJynupBnqyk3jujXcw&oe=62D0445A,otro,16/06/2022 23:47:07
https://www.facebook.com/santander.solutions,0,609,636,https://scontent.fmex27-1.fna.fbcdn.net/v/t31.18172-1/17240457_786279464830589_4347109072572303099_o.png?stp=dst-png_p200x200&_nc_cat=105&ccb=1-7&_nc_sid=1eb0c7&_nc_ohc=GoXuSgPHKl0AX8BkJ8p&_nc_ht=scontent.fmex27-1.fna&oh=00_AT8p5Tl0_qbvNJPTdAY1UnLUQgnBE4eb2vjJ90LL_L8Fww&oe=62D00438,otro,16/06/2022 23:47:16
https://www.facebook.com/hermandadntrasradelrocio.desantander,0,2434,2488,https://scontent.fmex27-1.fna.fbcdn.net/v/t31.18172-1/12186649_1099047636772061_8546593553372606872_o.jpg?stp=c0.0.200.200a_dst-jpg_p200x200&_nc_cat=105&ccb=1-7&_nc_sid=1eb0c7&_nc_ohc=io6CxuE36jkAX-VQpS9&_nc_ht=scontent.fmex27-1.fna&oh=00_AT-EZIk1RpUeHQHSMLlUlK-sBk_4YjfL9I9mke9sHWpx_Q&oe=62CFD442,otro,16/06/2022 23:47:24
https://www.facebook.com/IndignadosSantander,0,43 228,62 339,https://scontent.fmex27-1.fna.fbcdn.net/v/t1.6435-1/69491424_103708957678287_4511169631783747584_n.jpg?stp=dst-jpg_p200x200&_nc_cat=108&ccb=1-7&_nc_sid=1eb0c7&_nc_ohc=-cWr167nw5wAX-ex2oP&_nc_ht=scontent.fmex27-1.fna&oh=00_AT8rkey5vipeTUTmOmS0fDUiA9LaxG0JcXmsfqLZ22zIwA&oe=62D0AD20,otro,16/06/2022 23:47:30
https://www.facebook.com/colette.santander,0,4566,4615,https://scontent.fmex27-1.fna.fbcdn.net/v/t1.18169-1/15940600_1663454280618986_3257000253984122050_n.jpg?stp=dst-jpg_p200x200&_nc_cat=111&ccb=1-7&_nc_sid=1eb0c7&_nc_ohc=6Dsk-HyyBk8AX-Zn3A0&_nc_ht=scontent.fmex27-1.fna&oh=00_AT9keZqMOOe3qkcsdgE5xzqEIWLS2CnGsVibqtqjgDf43g&oe=62CFC4D6,otro,16/06/2022 23:47:38
https://www.facebook.com/cnt.santander,0,4535,4774,https://scontent.fmex27-1.fna.fbcdn.net/v/t1.6435-1/127228028_1510282642505945_6948207455917083110_n.png?stp=c33.0.200.200a_dst-png_p200x200&_nc_cat=100&ccb=1-7&_nc_sid=1eb0c7&_nc_ohc=mqTlnUuyLnMAX-wPfqF&_nc_ht=scontent.fmex27-1.fna&oh=00_AT9rKe8e3ahtM0vCX6-Bi1QSyDJhEucnzd3XBuH2fpxjig&oe=62D24337,otro,16/06/2022 23:47:45
https://www.facebook.com/standupsantander?__tn__=%3C,0,0,0,https://scontent.fmex27-1.fna.fbcdn.net/v/t39.30808-1/243997961_164198682544754_997908131591595805_n.jpg?stp=c47.0.320.320a_dst-jpg_p320x320&_nc_cat=100&ccb=1-7&_nc_sid=c6021c&_nc_ohc=D6lwNfmJtMEAX-O7iGZ&_nc_ht=scontent.fmex27-1.fna&oh=00_AT-eD2Z0w1amO1kRew_NuSUxzo8TSsxkWbn24oL89HHb_w&oe=62B138FE,otro,16/06/2022 23:47:52
https://www.facebook.com/RestaurantePenaCandil,0,0,0,https://scontent.fmex27-1.fna.fbcdn.net/v/t39.30808-1/245604536_348796297041211_7204996885572229849_n.jpg?stp=dst-jpg_p320x320&_nc_cat=102&ccb=1-7&_nc_sid=c6021c&_nc_ohc=AxXpzEzS0fUAX-NZnUi&_nc_ht=scontent.fmex27-1.fna&oh=00_AT_tfBmReSSqFUo_Up2-gQ7PTLy7BmGnaxt1NqXzVwm9Bg&oe=62B194AD,otro,16/06/2022 23:48:01
https://www.facebook.com/restaurantemarucho.es,0,0,0,https://scontent.fmex27-1.fna.fbcdn.net/v/t39.30808-1/260328140_400632464858353_2512125943654134832_n.jpg?stp=dst-jpg_p320x320&_nc_cat=106&ccb=1-7&_nc_sid=c6021c&_nc_ohc=4jWAwl3GzIsAX8H6tX7&_nc_ht=scontent.fmex27-1.fna&oh=00_AT_ar3KuQo3KMjFGJMGHRQGC_6DXtGK2aWO7W7aSBdUX_g&oe=62B0CCA5,otro,16/06/2022 23:48:10
https://www.facebook.com/RestauranteMaticesSantander,0,1557,1651,https://scontent.fmex27-1.fna.fbcdn.net/v/t1.6435-1/82072310_2583384845229286_8855582614224896000_n.jpg?stp=dst-jpg_p200x200&_nc_cat=109&ccb=1-7&_nc_sid=1eb0c7&_nc_ohc=vgbHOhUVX0gAX_1liMK&_nc_ht=scontent.fmex27-1.fna&oh=00_AT9HGVZHL_oafw3bHid4Rz0-Kf2NEp-aIIP6UUmWzohB0A&oe=62D1B66B,otro,16/06/2022 23:48:18
https://www.facebook.com/TorneoInternacionalVeteranosSantander,0,1314,1434,https://scontent.fmex27-1.fna.fbcdn.net/v/t39.30808-1/269852639_2475817449220189_2316839053526532478_n.jpg?stp=dst-jpg_p200x200&_nc_cat=103&ccb=1-7&_nc_sid=1eb0c7&_nc_ohc=92aK5G10uOcAX8aXWdS&_nc_ht=scontent.fmex27-1.fna&oh=00_AT_6Sb6FhUA30Si5JX624nzX11y4QSd--vwxgUwTPTt02Q&oe=62B1EE43,otro,16/06/2022 23:48:24
https://www.facebook.com/Bomberos-Ayto-Santander-103982057654715,0,1091,1324,https://scontent.fmex27-1.fna.fbcdn.net/v/t1.6435-1/70091045_103982664321321_5655438516750909440_n.jpg?stp=dst-jpg_p200x200&_nc_cat=109&ccb=1-7&_nc_sid=1eb0c7&_nc_ohc=RdeTJdDIj1UAX_3Fprx&_nc_ht=scontent.fmex27-1.fna&oh=00_AT-FG-EHeibzJ2XUCe2B0K0XpVdN6CZsuJKomXZOUAhc7A&oe=62D14B4B,otro,16/06/2022 23:48:32
https://www.facebook.com/TurismoSDR,0,13 031,14 155,https://scontent.fmex27-1.fna.fbcdn.net/v/t1.6435-1/149024515_1808346116008820_1428220256626717779_n.jpg?_nc_cat=111&ccb=1-7&_nc_sid=1eb0c7&_nc_ohc=UsJ2NrivItQAX-lnwxF&_nc_ht=scontent.fmex27-1.fna&oh=00_AT8_OKNI5G4S-hzIgOSdLLIr8xoSRsxf-5DdQUQ82gmrOg&oe=62D26421,otro,16/06/2022 23:48:40
https://www.facebook.com/lamarbravasantander,0,1118,1151,https://scontent.fmex27-1.fna.fbcdn.net/v/t1.6435-1/175944071_3949041475189566_2236562946021659427_n.png?stp=dst-png_s200x200&_nc_cat=107&ccb=1-7&_nc_sid=1eb0c7&_nc_ohc=0aDCbTPEpEkAX-1-pDi&_nc_ht=scontent.fmex27-1.fna&oh=00_AT8-nnDhgZsUeziNJxhaE8LQ-yQjphaEEXHKBFvXDFHvPA&oe=62D0D89F,otro,16/06/2022 23:48:48
https://www.facebook.com/yurikoathlete,0,0,0,https://scontent.fmex27-1.fna.fbcdn.net/v/t1.6435-1/122130817_193470385558933_3143515647331199623_n.jpg?stp=dst-jpg_p320x320&_nc_cat=107&ccb=1-7&_nc_sid=c6021c&_nc_ohc=TLZKA0BY8KAAX9Ip5BQ&_nc_ht=scontent.fmex27-1.fna&oh=00_AT-_rzidze0k0VIovIuBaMukWm7dMerHy1-lS1wvTjGCAQ&oe=62D0B3EC,otro,16/06/2022 23:48:55
https://bit.ly/3sv10jR?fbclid=IwAR28oNJQMxHwO222YDn6N0ds-Jvj5sCj32-FF9UOJ5DHVaeK9e8m4it_uec,0,0,0,https://scontent.fmex27-1.fna.fbcdn.net/v/t1.6435-1/122130817_193470385558933_3143515647331199623_n.jpg?stp=dst-jpg_p320x320&_nc_cat=107&ccb=1-7&_nc_sid=c6021c&_nc_ohc=TLZKA0BY8KAAX9Ip5BQ&_nc_ht=scontent.fmex27-1.fna&oh=00_AT-_rzidze0k0VIovIuBaMukWm7dMerHy1-lS1wvTjGCAQ&oe=62D0B3EC,otro,16/06/2022 23:48:59
https://www.facebook.com/descubresantander.es,0,2724,2846,https://scontent.fmex27-1.fna.fbcdn.net/v/t1.6435-1/54400019_672485423166570_2647594510439153664_n.jpg?stp=dst-jpg_p200x200&_nc_cat=109&ccb=1-7&_nc_sid=1eb0c7&_nc_ohc=1TikyUzXlM8AX-OqQuW&_nc_ht=scontent.fmex27-1.fna&oh=00_AT9RXmaaxhoZJmMEvOruCxOOHrqeHlgizdwdeJ2ToUUWOw&oe=62D00AF8,otro,16/06/2022 23:49:06
https://www.facebook.com/rockbeerthenew,0,7222,7658,https://scontent.fmex27-1.fna.fbcdn.net/v/t39.30808-1/269493529_3067262420258062_4235552923157245378_n.jpg?stp=dst-jpg_p200x200&_nc_cat=107&ccb=1-7&_nc_sid=1eb0c7&_nc_ohc=eG7-MZiKvOUAX92StKk&_nc_ht=scontent.fmex27-1.fna&oh=00_AT-P_feH0T0c_wU_9ayIg3al3LlYnzgCAhnb-r9pa06VXg&oe=62B09A31,otro,16/06/2022 23:49:13
https://www.facebook.com/Zapater%C3%ADa-Patty-Santander-314245326090931,0,959,1010,https://scontent.fmex27-1.fna.fbcdn.net/v/t1.6435-1/48374201_314245572757573_6200327969483784192_n.jpg?stp=dst-jpg_p200x200&_nc_cat=104&ccb=1-7&_nc_sid=1eb0c7&_nc_ohc=6Osz2A8E7LoAX_VRprY&_nc_ht=scontent.fmex27-1.fna&oh=00_AT_y_MD_DVizfobUsAgF9zMqdJ-SP7-djHTUatUxzFiOzg&oe=62D2EC7D,otro,16/06/2022 23:49:21
https://www.facebook.com/bancosantander,5,258 733,260 619,https://scontent.fmex27-1.fna.fbcdn.net/v/t39.30808-1/248421039_4635994983088581_2700266449429888766_n.jpg?stp=dst-jpg_p200x200&_nc_cat=107&ccb=1-7&_nc_sid=1eb0c7&_nc_ohc=zIkZ2UX-AK4AX_dfwTG&_nc_oc=AQmB_eiEXshh7LIBz7l7we1MZniJwoTMiv_YPM4vyDRiDU4pD27rihGlvblqcZFryHE&_nc_ht=scontent.fmex27-1.fna&oh=00_AT-zvRZbYiGDQL-P73oFSLZ5LI1vuLx2pLcWLJU3pK-6fA&oe=62B0AC12,santander,16/06/2022 23:49:28
https://www.facebook.com/santanderunimx,0,423 263,421 512,https://scontent.fmex27-1.fna.fbcdn.net/v/t1.6435-1/30715481_1880938131925050_7662537958930513920_n.png?stp=dst-png_p200x200&_nc_cat=110&ccb=1-7&_nc_sid=1eb0c7&_nc_ohc=ZRnAZjfVsvEAX_gLrRf&_nc_ht=scontent.fmex27-1.fna&oh=00_AT8nREIG0CV4XiV0UdRs_81IRIeKjq17azmZZ0a9fxnvzQ&oe=62D0F948,santander,16/06/2022 23:49:34
https://www.facebook.com/camaracomerciocantabria?__tn__=%3C,0,0,0,https://scontent.fmex27-1.fna.fbcdn.net/v/t39.30808-1/266001573_299383162193513_5814380053765574738_n.jpg?stp=dst-jpg_p320x320&_nc_cat=107&ccb=1-7&_nc_sid=c6021c&_nc_ohc=e65j7hSBH0cAX92zHwI&_nc_ht=scontent.fmex27-1.fna&oh=00_AT-cH8SeCh106TrDR-GheYvQN5KlhYox6T5w00klx30xnw&oe=62B06226,otro,16/06/2022 23:49:41
https://www.facebook.com/escenariosantander,0,2631,3104,https://scontent.fmex27-1.fna.fbcdn.net/v/t1.6435-1/65914946_512764632798160_9007983550128979968_n.jpg?stp=dst-jpg_p200x200&_nc_cat=101&ccb=1-7&_nc_sid=1eb0c7&_nc_ohc=9fijpr9OrxMAX_O5ld9&_nc_ht=scontent.fmex27-1.fna&oh=00_AT9YvBBalv9S4npwskNMUhOdzee53Eb_7sEDF4MQV955GQ&oe=62D1C27E,otro,16/06/2022 23:49:49
https://www.facebook.com/cantbasket?__tn__=%3C,0,0,0,https://scontent.fmex27-1.fna.fbcdn.net/v/t39.30808-1/221626837_459630655426790_7137639608221478861_n.png?stp=dst-png_p320x320&_nc_cat=109&ccb=1-7&_nc_sid=c6021c&_nc_ohc=idTyrPCinJAAX8BqSGQ&_nc_ht=scontent.fmex27-1.fna&oh=00_AT-Aj4FVbONvSMvmA-nUm9IDDoCHjgx86FYtN_XFykHoPA&oe=62B02B9C,otro,16/06/2022 23:49:57
https://www.facebook.com/pages,0,0,0,https://scontent.fmex27-1.fna.fbcdn.net/v/t39.30808-1/221626837_459630655426790_7137639608221478861_n.png?stp=dst-png_p320x320&_nc_cat=109&ccb=1-7&_nc_sid=c6021c&_nc_ohc=idTyrPCinJAAX8BqSGQ&_nc_ht=scontent.fmex27-1.fna&oh=00_AT-Aj4FVbONvSMvmA-nUm9IDDoCHjgx86FYtN_XFykHoPA&oe=62B02B9C,otro,16/06/2022 23:50:02
https://www.facebook.com/weekendsantander,0,293 533,380 986,https://scontent.fmex27-1.fna.fbcdn.net/v/t31.18172-1/28953891_1121829787971580_3178916751581496413_o.png?stp=dst-png_p200x200&_nc_cat=107&ccb=1-7&_nc_sid=1eb0c7&_nc_ohc=1Cb98sYWPusAX_NdGpv&_nc_ht=scontent.fmex27-1.fna&oh=00_AT_fAPgV2rmRlg-mPlwNV_78jRLB2vHEAD_Q-z-hZPEGdw&oe=62D169C7,otro,16/06/2022 23:50:10
https://www.facebook.com/standupsantander,0,0,0,https://scontent.fmex27-1.fna.fbcdn.net/v/t39.30808-1/243997961_164198682544754_997908131591595805_n.jpg?stp=c47.0.320.320a_dst-jpg_p320x320&_nc_cat=100&ccb=1-7&_nc_sid=c6021c&_nc_ohc=D6lwNfmJtMEAX-O7iGZ&_nc_ht=scontent.fmex27-1.fna&oh=00_AT-eD2Z0w1amO1kRew_NuSUxzo8TSsxkWbn24oL89HHb_w&oe=62B138FE,otro,16/06/2022 23:50:17
https://www.facebook.com/lasersantander,0,2496,2505,https://scontent.fmex27-1.fna.fbcdn.net/v/t1.6435-1/37283360_2266998520211191_3575937200249896960_n.jpg?stp=dst-jpg_s200x200&_nc_cat=109&ccb=1-7&_nc_sid=1eb0c7&_nc_ohc=deG2Scf2qZ4AX9igKic&_nc_ht=scontent.fmex27-1.fna&oh=00_AT-Rz8bqGEui4CNd6dJRb0vGwTyvc9yYNcZhsy4oL6lI_w&oe=62D38A26,otro,16/06/2022 23:50:24
https://www.facebook.com/UNuevoSantander,0,23 255,23 790,https://scontent.fmex27-1.fna.fbcdn.net/v/t39.30808-1/236847708_4238398259528904_9013591030886213406_n.png?stp=dst-png_p200x200&_nc_cat=110&ccb=1-7&_nc_sid=1eb0c7&_nc_ohc=WZdULJIq9VQAX-Bqi0d&_nc_ht=scontent.fmex27-1.fna&oh=00_AT9yX5KYGkyfE6Qkb5gVh95lFRqXZ47UIBGF73y08FpoZQ&oe=62B010EF,otro,16/06/2022 23:50:32
https://www.facebook.com/BarBoleroSantander,0,2134,2237,https://scontent.fmex27-1.fna.fbcdn.net/v/t1.18169-1/1508176_256325751203419_1498407417_n.jpg?stp=dst-jpg_p200x200&_nc_cat=109&ccb=1-7&_nc_sid=1eb0c7&_nc_ohc=KR8n5c7_KkoAX-JaU9g&_nc_ht=scontent.fmex27-1.fna&oh=00_AT9AuZrEVO7ak9RfEfMXtE2WhC4fPfV5IfxnngT8O5kdcQ&oe=62D2CC80,otro,16/06/2022 23:50:40
https://www.facebook.com/yurikoathlete?__tn__=%3C,0,0,0,https://scontent.fmex27-1.fna.fbcdn.net/v/t1.6435-1/122130817_193470385558933_3143515647331199623_n.jpg?stp=dst-jpg_p320x320&_nc_cat=107&ccb=1-7&_nc_sid=c6021c&_nc_ohc=TLZKA0BY8KAAX9Ip5BQ&_nc_ht=scontent.fmex27-1.fna&oh=00_AT-_rzidze0k0VIovIuBaMukWm7dMerHy1-lS1wvTjGCAQ&oe=62D0B3EC,otro,16/06/2022 23:50:47
https://www.facebook.com/Cayetanas-Santander-105339528684956,0,15,19,https://scontent.fmex27-1.fna.fbcdn.net/v/t39.30808-1/269739610_105342218684687_6846197080015812752_n.png?stp=dst-png_p200x200&_nc_cat=102&ccb=1-7&_nc_sid=1eb0c7&_nc_ohc=OIEykkb8IGgAX_tGcwn&_nc_ht=scontent.fmex27-1.fna&oh=00_AT8BXXZCedXSqu9Tdb72xundz8Ygu26PHlRB0uApm4IFEQ&oe=62B01396,otro,16/06/2022 23:50:55
https://www.facebook.com/FutbolSantander,6,1 285 590,1 292 372,https://scontent.fmex27-1.fna.fbcdn.net/v/t1.6435-1/39080842_2297420070282395_7058358698879483904_n.jpg?stp=dst-jpg_p200x200&_nc_cat=104&ccb=1-7&_nc_sid=1eb0c7&_nc_ohc=zWTyjKNs4uYAX_V0XY6&_nc_ht=scontent.fmex27-1.fna&oh=00_AT_d6Rw4Lgb9qKxS_-wfNF1_dtve1VyUCEH20wuDNhaNzg&oe=62CFBF42,santander,16/06/2022 23:51:02
https://www.facebook.com/camaracomerciocantabria,0,0,0,https://scontent.fmex27-1.fna.fbcdn.net/v/t39.30808-1/266001573_299383162193513_5814380053765574738_n.jpg?stp=dst-jpg_p320x320&_nc_cat=107&ccb=1-7&_nc_sid=c6021c&_nc_ohc=e65j7hSBH0cAX92zHwI&_nc_ht=scontent.fmex27-1.fna&oh=00_AT-cH8SeCh106TrDR-GheYvQN5KlhYox6T5w00klx30xnw&oe=62B06226,otro,16/06/2022 23:51:09
https://www.facebook.com/RestauranteElLagoMx,0,82 736,83 686,https://scontent.fmex27-1.fna.fbcdn.net/v/t1.6435-1/62244846_1288413917982164_2719159544742674432_n.png?stp=dst-png_p200x200&_nc_cat=107&ccb=1-7&_nc_sid=1eb0c7&_nc_ohc=tVSMuD4unj4AX-lq0l1&_nc_ht=scontent.fmex27-1.fna&oh=00_AT9a33LWbCyCu3vSzHEpgqbfo-AoAMcU3F8w4Bif1N7NIQ&oe=62D11B94,otro,16/06/2022 23:51:18
https://www.facebook.com/santanderbankpolska,4,302 323,298 999,https://scontent.fmex27-1.fna.fbcdn.net/v/t39.30808-1/246041871_10160031323108694_7734077257232068209_n.jpg?stp=dst-jpg_p200x200&_nc_cat=105&ccb=1-7&_nc_sid=1eb0c7&_nc_ohc=nAu-ueGY2X0AX81yGlS&_nc_ht=scontent.fmex27-1.fna&oh=00_AT_38pAeAh_EJfFKuRopwDBBYdr85LXGtNCqkk1ApCB-0w&oe=62B0681C,santander,16/06/2022 23:51:26
https://www.facebook.com/Multillantasantander,0,457,467,https://scontent.fmex27-1.fna.fbcdn.net/v/t31.18172-1/26024140_514514952260517_3239294551824328397_o.jpg?stp=dst-jpg_p200x200&_nc_cat=103&ccb=1-7&_nc_sid=1eb0c7&_nc_ohc=-oB1fTKjdMcAX8pROoU&_nc_ht=scontent.fmex27-1.fna&oh=00_AT8ndGt9qk1iAodt8kqfDKzELvqsbC6AcqDpPeZIWj-82A&oe=62D38A4C,otro,16/06/2022 23:51:34
https://www.facebook.com/movegosantander,0,1115,1207,https://scontent.fmex27-1.fna.fbcdn.net/v/t1.6435-1/49712265_282779839086450_5848668777570369536_n.png?stp=dst-png_p200x200&_nc_cat=100&ccb=1-7&_nc_sid=1eb0c7&_nc_ohc=YGwfGkbNy8AAX_txZ5b&_nc_ht=scontent.fmex27-1.fna&oh=00_AT_Y4ABmwEwlhMd3O4IpoeCVTmLdwdGE9LFGPpvn67_xlA&oe=62D17828,otro,16/06/2022 23:51:43
https://www.facebook.com/chiringuitoelpuntal.tricio?__tn__=%3C,0,0,0,https://scontent.fmex27-1.fna.fbcdn.net/v/t39.30808-1/275063912_481668836801555_5222650557939177524_n.jpg?stp=c0.0.320.320a_dst-jpg_p320x320&_nc_cat=100&ccb=1-7&_nc_sid=c6021c&_nc_ohc=7Fl_2Pp6diAAX9IE4JU&_nc_ht=scontent.fmex27-1.fna&oh=00_AT-FBeozPrRcdzIw79x1y4gx3TluzOvB49orEXmJyrB6xA&oe=62B00249,otro,16/06/2022 23:51:50
https://www.facebook.com/EnSantanderDecimos,0,130 771,172 181,https://scontent.fmex27-1.fna.fbcdn.net/v/t39.30808-1/231438177_358384578988685_275160775833711105_n.jpg?stp=dst-jpg_p200x200&_nc_cat=1&ccb=1-7&_nc_sid=1eb0c7&_nc_ohc=NqU6PYzbMtMAX8kiMDY&_nc_ht=scontent.fmex27-1.fna&oh=00_AT_gfuSitYuoXj_7BYWzjMO0YaV3VVWqjCB6y0vmn2TvZg&oe=62B15F77,otro,16/06/2022 23:51:58
https://www.facebook.com/Looposhoeroom,0,1109,1148,https://scontent.fmex27-1.fna.fbcdn.net/v/t31.18172-1/20728750_1215757541863100_7306603693851180058_o.jpg?stp=dst-jpg_p200x200&_nc_cat=100&ccb=1-7&_nc_sid=1eb0c7&_nc_ohc=Swobp1dD4oIAX8TkAbA&_nc_ht=scontent.fmex27-1.fna&oh=00_AT8X7HT3aFnouGvee9pCBi6L8K_ous8IiZ_zVjbm_op8rw&oe=62D12F2E,otro,16/06/2022 23:52:05
https://www.facebook.com/fundacionbancosantander,5,24 081,25 744,https://scontent.fmex27-1.fna.fbcdn.net/v/t1.6435-1/207365149_4749627495050829_8085959914766845683_n.png?stp=dst-png_p200x200&_nc_cat=101&ccb=1-7&_nc_sid=1eb0c7&_nc_ohc=p22mwCtunz0AX_pqMkj&_nc_ht=scontent.fmex27-1.fna&oh=00_AT9gR5nWft6zdU863eTnMJnqmvKjr99SV0ywMuGEjGPTvA&oe=62D2DEEB,santander,16/06/2022 23:52:14
https://www.facebook.com/andalashop,0,1594,1647,https://scontent.fmex27-1.fna.fbcdn.net/v/t1.6435-1/91916744_4410975082277449_3531855240766685184_n.jpg?stp=dst-jpg_p200x200&_nc_cat=102&ccb=1-7&_nc_sid=1eb0c7&_nc_ohc=IzjXooB7SbMAX8Ms572&_nc_ht=scontent.fmex27-1.fna&oh=00_AT8420HbhTdjnmEeKGYz_VJ24HhiNO6KXl155y7ZR-4rUQ&oe=62D2CAFA,otro,16/06/2022 23:52:22
https://www.facebook.com/formulasantander,4,124 568,124 602,https://scontent.fmex27-1.fna.fbcdn.net/v/t39.30808-1/273726771_2447239032073163_4860766140003515138_n.jpg?stp=dst-jpg_p200x200&_nc_cat=103&ccb=1-7&_nc_sid=1eb0c7&_nc_ohc=ib-dnUWf7WoAX8rI5gq&_nc_ht=scontent.fmex27-1.fna&oh=00_AT-SFzSYdtDvYS7mguGKrELXvuisvlfyo-ZLFXbJazxF_g&oe=62B026DF,otro,16/06/2022 23:52:28
https://www.facebook.com/hotelbahiadesantander,0,2009,2199,https://scontent.fmex27-1.fna.fbcdn.net/v/t39.30808-1/209667250_10157998449816712_5193659971986624438_n.jpg?stp=dst-jpg_p200x200&_nc_cat=106&ccb=1-7&_nc_sid=1eb0c7&_nc_ohc=eNeS8BAEidUAX8lyoJi&_nc_ht=scontent.fmex27-1.fna&oh=00_AT9_bTCHv18pBf4ONL-FnvRf4Z9c13DaUcKctNxtjOGe2g&oe=62B0C953,otro,16/06/2022 23:52:35
https://www.facebook.com/RestaurantePenaCandil?__tn__=%3C,0,0,0,https://scontent.fmex27-1.fna.fbcdn.net/v/t39.30808-1/245604536_348796297041211_7204996885572229849_n.jpg?stp=dst-jpg_p320x320&_nc_cat=102&ccb=1-7&_nc_sid=c6021c&_nc_ohc=AxXpzEzS0fUAX-NZnUi&_nc_ht=scontent.fmex27-1.fna&oh=00_AT_tfBmReSSqFUo_Up2-gQ7PTLy7BmGnaxt1NqXzVwm9Bg&oe=62B194AD,otro,16/06/2022 23:52:43
https://www.facebook.com/ConcursodePianodeSantander,0,4853,5043,https://scontent.fmex27-1.fna.fbcdn.net/v/t1.18169-1/19225899_575480276173444_1992520410842919224_n.jpg?stp=dst-jpg_p200x200&_nc_cat=105&ccb=1-7&_nc_sid=1eb0c7&_nc_ohc=F8fSL_dkNWMAX9j9Upp&_nc_ht=scontent.fmex27-1.fna&oh=00_AT_bdpPRZFO7IvKz4I_BpyzhvA_6PEiSsPXVU8OLtznEZA&oe=62D2B275,otro,16/06/2022 23:52:51
https://www.facebook.com/Ho-oponopono-Santander-2699853606820222,0,790,832,https://scontent.fmex27-1.fna.fbcdn.net/v/t1.6435-1/48356823_2723849864420596_9064138628321509376_n.jpg?stp=dst-jpg_p200x200&_nc_cat=107&ccb=1-7&_nc_sid=1eb0c7&_nc_ohc=evvu6g4xpbYAX8NQcs5&_nc_ht=scontent.fmex27-1.fna&oh=00_AT-MS2l0hSoTYHqHaYkPKc5Ft5tsesxUoIuzlfYK66bLlw&oe=62D0953B,otro,16/06/2022 23:52:58
https://www.facebook.com/GetnetMx,0,19 312,20 139,https://scontent.fmex27-1.fna.fbcdn.net/v/t1.6435-1/141725455_766554297291977_3310374569243827775_n.png?_nc_cat=106&ccb=1-7&_nc_sid=1eb0c7&_nc_ohc=LEi7lgVRrmIAX8B_ccw&_nc_ht=scontent.fmex27-1.fna&oh=00_AT9xUYDfebzLWx5uXZUIqyWsXkcKXyvpzMXlElAqQoO2PQ&oe=62D1F09D,otro,16/06/2022 23:53:05
https://www.facebook.com/UISenLinea,5,109 528,120 129,https://scontent.fmex27-1.fna.fbcdn.net/v/t39.30808-1/284126836_6108478535834566_1969404492779346897_n.jpg?stp=dst-jpg_p200x200&_nc_cat=1&ccb=1-7&_nc_sid=1eb0c7&_nc_ohc=x1Z8HlgVfdsAX9PlJTV&_nc_oc=AQmYTR_5YJivriogWUZf1CZ7H1VA6UFjXMhFKITSK9-zwXoLh_c3ksDg3DfS2CNpKA0&_nc_ht=scontent.fmex27-1.fna&oh=00_AT_LlyYoa_tsFcSIJRwP-ovay3fNBsrm3wxe5cBE5EGO3g&oe=62B0D364,otro,16/06/2022 23:53:12
https://www.facebook.com/UNISANTPuebla,0,7084,7471,https://scontent.fmex27-1.fna.fbcdn.net/v/t39.30808-1/275184895_1158912191579949_4754172315055666990_n.jpg?stp=dst-jpg_p200x200&_nc_cat=107&ccb=1-7&_nc_sid=1eb0c7&_nc_ohc=GyoO7fCfZrgAX_BWghd&_nc_ht=scontent.fmex27-1.fna&oh=00_AT_Nlla9WvpvVzEwte1Dp_K_A5Aowe14DvpX8yG68Ppwlw&oe=62B03788,otro,16/06/2022 23:53:20
https://www.facebook.com/santanderbrasil,7,3 954 308,4 057 263,https://scontent.fmex27-1.fna.fbcdn.net/v/t1.6435-1/204274135_10157896406585588_4689147833116986324_n.jpg?stp=dst-jpg_p200x200&_nc_cat=1&ccb=1-7&_nc_sid=1eb0c7&_nc_ohc=vLCZthMSHKQAX8-sd8J&_nc_ht=scontent.fmex27-1.fna&oh=00_AT-wYs9-MTg4DIdNFZkXGM8gqMcozsS1-AHb3h9PFgYlHQ&oe=62D23B7C,santander,16/06/2022 23:53:27
https://www.facebook.com/CambalacheSantander,0,979,1056,https://scontent.fmex27-1.fna.fbcdn.net/v/t31.18172-1/23157002_1785043161794029_2581137540396045730_o.png?stp=dst-png_p200x200&_nc_cat=104&ccb=1-7&_nc_sid=1eb0c7&_nc_ohc=1Dak-oAXeiQAX9107QH&_nc_ht=scontent.fmex27-1.fna&oh=00_AT8N2HYzUs2zqvqFyxQzEV1i6_nOJgsU1Tyu6280sRZDRw&oe=62D12E71,otro,16/06/2022 23:53:34
https://www.facebook.com/cantabriauso?__tn__=%3C,0,0,0,https://scontent.fmex27-1.fna.fbcdn.net/v/t39.30808-1/275016828_261463476159161_3181105464427923524_n.jpg?stp=c96.0.320.320a_dst-jpg_p320x320&_nc_cat=105&ccb=1-7&_nc_sid=c6021c&_nc_ohc=jHZo5q1UqV8AX8jozQ3&_nc_ht=scontent.fmex27-1.fna&oh=00_AT-d6rPlozB4IY95WFtxJafhIN7jZNWgiJu4C1rBhKDYLA&oe=62B18996,otro,16/06/2022 23:53:41
https://www.facebook.com/ummasantander,0,4516,4789,https://scontent.fmex27-1.fna.fbcdn.net/v/t1.18169-1/10847847_412320958923610_7395889266817600229_n.jpg?_nc_cat=109&ccb=1-7&_nc_sid=1eb0c7&_nc_ohc=3fnlOrVsdTgAX9DnmtR&_nc_ht=scontent.fmex27-1.fna&oh=00_AT_vluxpeVTE770rHyrqC8ftim3QTev63aig9-Ui6JsEZA&oe=62D10A0F,otro,16/06/2022 23:53:49
https://www.facebook.com/UnidadesTecnologicasdeSantanderUTS,4,47 177,49 563,https://scontent.fmex27-1.fna.fbcdn.net/v/t39.30808-1/283538027_7353604311380656_7560494074906440732_n.jpg?stp=dst-jpg_p200x200&_nc_cat=107&ccb=1-7&_nc_sid=1eb0c7&_nc_ohc=NnXS1OqO-0sAX8GBVeN&_nc_ht=scontent.fmex27-1.fna&oh=00_AT_VpN-ojtIQ1umb0Mv1B3XWCYXIxYF2ycNBEeXvHcGvFg&oe=62B0DF9C,otro,16/06/2022 23:53:57
https://www.facebook.com/Habitaciones.ELSARDINERO.SANTANDER,0,1677,1660,https://scontent.fmex27-1.fna.fbcdn.net/v/t1.6435-1/106693368_3217190218340345_2148361252192015943_n.jpg?stp=dst-jpg_p200x200&_nc_cat=105&ccb=1-7&_nc_sid=1eb0c7&_nc_ohc=IYnWz6pzi1MAX-9wKAH&_nc_ht=scontent.fmex27-1.fna&oh=00_AT-8qSdyUNFv80rRjlpcJ68cZDnthgx8HJ_4YftBsNo0Og&oe=62D2D443,otro,16/06/2022 23:54:05
https://www.facebook.com/Ateneo-de-Santander-195703530813344,0,327,354,https://scontent.fmex27-1.fna.fbcdn.net/v/t1.18169-1/17190584_1075496979223544_9134623562195227036_n.jpg?stp=dst-jpg_p200x200&_nc_cat=101&ccb=1-7&_nc_sid=1eb0c7&_nc_ohc=RLQwNFjUsnAAX8ANYmF&_nc_ht=scontent.fmex27-1.fna&oh=00_AT_LdhsU0BuY4LcSVHmwHNvmo6q5GtHZM7bU4ZB724pZ8Q&oe=62D1C660,otro,16/06/2022 23:54:12
https://www.facebook.com/PastorAlemanPremierFCM,0,1791,1856,https://scontent.fmex27-1.fna.fbcdn.net/v/t39.30808-1/253051088_1504670739919287_2559955271589716633_n.jpg?stp=dst-jpg_s200x200&_nc_cat=107&ccb=1-7&_nc_sid=1eb0c7&_nc_ohc=qoZUPCvMWCoAX9w6Z3X&_nc_ht=scontent.fmex27-1.fna&oh=00_AT8GaFBVd6A3MuhHKUBtlZldxuTdIJmO8TcVRh4TiTVT8g&oe=62B10364,otro,16/06/2022 23:54:20
https://www.facebook.com/viacondottisantander,0,1005,1034,https://scontent.fmex27-1.fna.fbcdn.net/v/t31.18172-1/19693511_1325492660897829_7136276336700766271_o.jpg?stp=dst-jpg_p200x200&_nc_cat=106&ccb=1-7&_nc_sid=1eb0c7&_nc_ohc=VY405-xmOoIAX-_nKQK&_nc_ht=scontent.fmex27-1.fna&oh=00_AT9Ey0CZGwFlETR6G0XX3bi97A7oaWQtE9DNWZL2NVIu4Q&oe=62D28ED6,otro,16/06/2022 23:54:28
https://www.facebook.com/tbofoodgames,0,2833,2870,https://scontent.fmex27-1.fna.fbcdn.net/v/t1.18169-1/11755172_929690043736849_5412118179767033891_n.jpg?stp=dst-jpg_p200x200&_nc_cat=107&ccb=1-7&_nc_sid=1eb0c7&_nc_ohc=DI9tojwbyusAX9EdCru&_nc_ht=scontent.fmex27-1.fna&oh=00_AT9w60FJOhp07czDfsWMhf6Ux21NMAb3gQJqLWdd8cjIpA&oe=62D2AAAC,otro,16/06/2022 23:54:35
https://www.facebook.com/unisant,0,65 892,66 995,https://scontent.fmex27-1.fna.fbcdn.net/v/t39.30808-1/275291176_5158660914153902_6127022079167693883_n.jpg?stp=dst-jpg_p200x200&_nc_cat=111&ccb=1-7&_nc_sid=1eb0c7&_nc_ohc=PU7Q0M2vGa4AX_FDY1Y&_nc_ht=scontent.fmex27-1.fna&oh=00_AT9jcCVoM3mFgA_ne7Q91fbvYyioXWYD5pqGhBEO74qRhA&oe=62B026DE,otro,16/06/2022 23:54:42
https://www.facebook.com/Taxi-25-Santander-392192007529691,0,601,615,https://scontent.fmex27-1.fna.fbcdn.net/v/t1.6435-1/68965242_2385622111519994_7158562162795872256_n.jpg?stp=dst-jpg_p200x200&_nc_cat=109&ccb=1-7&_nc_sid=1eb0c7&_nc_ohc=idedanl25w8AX-Eip9q&_nc_ht=scontent.fmex27-1.fna&oh=00_AT8ypm7AWkgjkwixsX2z3sMbg4S6x7SD8PLpsqj_TWKq4Q&oe=62D26EE4,otro,16/06/2022 23:54:50
https://www.facebook.com/profile.php?id=100057440440121,1,0,0,https://scontent.fmex27-1.fna.fbcdn.net/v/t39.30808-1/268610899_380713537186658_3450917064054956929_n.jpg?stp=dst-jpg_p320x320&_nc_cat=1&ccb=1-7&_nc_sid=c6021c&_nc_ohc=8j3tBdxb8SUAX8f-HPr&_nc_ht=scontent.fmex27-1.fna&oh=00_AT8xzTnUndPzHoXZClB6hPAwHBUTvDrAMY413V8M1rcm1g&oe=62B07EE1,otro,16/06/2022 23:54:58
https://www.facebook.com/salesianos.santander,0,1657,1809,https://scontent.fmex27-1.fna.fbcdn.net/v/t31.18172-1/11147238_965873473469950_2858283569200400064_o.png?stp=dst-png_p200x200&_nc_cat=103&ccb=1-7&_nc_sid=1eb0c7&_nc_ohc=JGtb2Op9zKUAX8w-g2M&_nc_ht=scontent.fmex27-1.fna&oh=00_AT-d3j90Niad1CUW1aszVIoHkoD33O8irkgFGQBjMxCZWg&oe=62D2F549,otro,16/06/2022 23:55:06
https://www.facebook.com/ColegioMercedesSantander,0,1218,1373,https://scontent.fmex27-1.fna.fbcdn.net/v/t1.18169-1/944635_543349339081863_358088225_n.jpg?stp=dst-jpg_s200x200&_nc_cat=108&ccb=1-7&_nc_sid=1eb0c7&_nc_ohc=qxoHUGOE_ukAX9MO5dR&_nc_ht=scontent.fmex27-1.fna&oh=00_AT-pZzZz6yxmvhXkSmwp5KXZz4z35OMYucdh5vri09jX_A&oe=62CFFE0A,otro,16/06/2022 23:55:14
https://www.facebook.com/mmmsantander,0,3153,3647,https://scontent.fmex27-1.fna.fbcdn.net/v/t39.30808-1/271264173_2949562578629777_6655486591341930562_n.png?stp=dst-png_p200x200&_nc_cat=104&ccb=1-7&_nc_sid=1eb0c7&_nc_ohc=Drn5n01DergAX8kw26S&_nc_ht=scontent.fmex27-1.fna&oh=00_AT9jgwN-4g0CYytPgq7BqhnkqNB1DKjizfWmoo7vRxQMSA&oe=62B0C476,otro,16/06/2022 23:55:21
https://www.facebook.com/santanderpt,6,510 407,505 501,https://scontent.fmex27-1.fna.fbcdn.net/v/t31.18172-1/29063828_10155966691502605_2288190480887416935_o.png?stp=dst-png_p200x200&_nc_cat=105&ccb=1-7&_nc_sid=1eb0c7&_nc_ohc=edpxpSvKC9EAX9HqRWH&_nc_ht=scontent.fmex27-1.fna&oh=00_AT-iPsqfuUfp-5o5lZLhlDM2xaazWoBGcNaq_1Z9qscmzg&oe=62D0ECD6,santander,16/06/2022 23:55:29
